site,date,pm10,pm25
Alphington,2019-09-01,7.48,4.61
Alphington,2019-09-02,10.27,4.28
Alphington,2019-09-03,13.27,6.3
Alphington,2019-09-04,16.33,7.42
Alphington,2019-09-05,14.28,6.41
Alphington,2019-09-06,9.92,6.07
Alphington,2019-09-07,10.53,5.13
Alphington,2019-09-08,10.92,5.49
Alphington,2019-09-09,17.32,8.02
Alphington,2019-09-10,17.73,3.92
Footscray,2019-09-01,8.44,4.24
Footscray,2019-09-02,11.3,5.15
Footscray,2019-09-03,14.72,6.76
Footscray,2019-09-04,16.43,7.25
Footscray,2019-09-05,14.67,6.34
Footscray,2019-09-06,12.13,5.72
Footscray,2019-09-07,10.4,4.35
Footscray,2019-09-08,9.87,5.91
Footscray,2019-09-09,16.46,7.55
Footscray,2019-09-10,17.6,7.15
Footscray,2019-09-11,12.28,6.57
Footscray,2019-09-12,27.79,7.71
Footscray,2019-09-13,22.58,6.97
Footscray,2019-09-14,26.73,11.22
Footscray,2019-09-15,12.33,7.33
Footscray,2019-09-16,15.01,6.73
Footscray,2019-09-17,15.82,6.6
Footscray,2019-09-18,19.77,8.95
Footscray,2019-09-19,16.04,7.74
Footscray,2019-09-20,17.63,6.66
Footscray,2019-09-21,23.11,7.72
Footscray,2019-09-22,5.7,2.35
Footscray,2019-09-23,9.25,4.83
Footscray,2019-09-24,13.27,4.57
Footscray,2019-09-25,12.36,4.78
Footscray,2019-09-26,13.06,5.9
Footscray,2019-09-27,22.57,5.08
Footscray,2019-09-28,17.97,7.33
Footscray,2019-09-29,16.14,6.84
Footscray,2019-09-30,12.3,5.34
Footscray,2019-10-01,29.95,11.9
Footscray,2019-10-02,33.23,11.04
Footscray,2019-10-03,29.85,11.01
Footscray,2019-10-04,10.7,5.15
Footscray,2019-10-05,17.46,8.67
Footscray,2019-10-06,20.23,7.84
Footscray,2019-10-07,18.01,3.93
Footscray,2019-10-08,12.16,5.24
Footscray,2019-10-09,10.71,4.22
Footscray,2019-10-10,7.31,3.03
Footscray,2019-10-11,11.33,5.84
Footscray,2019-10-12,13.27,5.7
Footscray,2019-10-13,12.8,7.31
Footscray,2019-10-14,17.71,7.71
Footscray,2019-10-15,13.05,6.04
Footscray,2019-10-16,11.29,5.36
Footscray,2019-10-17,14.16,4.82
Footscray,2019-10-18,18.69,6.22
Footscray,2019-10-19,12.72,4.49
Footscray,2019-10-20,16.63,7.9
Footscray,2019-10-21,12.29,5.24
Footscray,2019-10-22,17.03,7.76
Footscray,2019-10-23,31.14,11.58
Footscray,2019-10-24,29.5,9.53
Footscray,2019-10-25,55.06,9.31
Footscray,2019-10-26,14.14,5.47
Footscray,2019-10-27,14.06,5.02
Footscray,2019-10-28,19.97,7.27
Footscray,2019-10-29,18.26,7.6
Footscray,2020-02-07,42.45,36.05
Footscray,2020-02-08,33.66,20.65
Footscray,2020-02-09,16.74,6.02
Footscray,2020-02-10,8.77,3.84
Footscray,2020-02-11,24.2,5.26
Footscray,2020-02-12,12.56,3.26
Footscray,2020-02-13,17.96,3.77
Footscray,2020-02-14,21.77,7.08
Footscray,2020-02-15,12.69,5.04
Footscray,2020-02-16,9.75,3.55
Footscray,2020-02-17,20.46,7.16
Footscray,2020-02-18,17.03,5.83
Footscray,2020-02-19,15.77,6.3
Footscray,2020-02-20,13.06,4.29
Footscray,2020-02-21,11.64,2.71
Footscray,2020-02-22,14.42,5.05
Footscray,2020-02-23,21.82,6.31
Footscray,2020-02-24,26.52,10.2
Footscray,2020-02-25,18.48,7.03
Footscray,2020-02-28,12.71,4.1
Footscray,2020-02-29,12.66,4.52
Geelong South,2019-09-01,7.85,1.79
Geelong South,2019-09-02,11.23,4.29
Geelong South,2019-09-03,18.61,5.45
Geelong South,2019-09-04,14.82,5.42
Geelong South,2019-09-05,14.42,7.32
Geelong South,2019-09-06,8.78,5.86
Geelong South,2019-09-07,8.86,5.94
Geelong South,2019-09-08,8.57,3.55
Geelong South,2019-09-09,15.49,6.75
Geelong South,2019-09-10,14.33,4.56
Geelong South,2019-09-11,11.65,5.8
Geelong South,2019-09-12,23.39,6.37
Geelong South,2019-09-13,21.71,5.6
Geelong South,2019-09-14,23.52,9.78
Geelong South,2019-09-15,7.97,3.53
Geelong South,2019-09-16,15.56,9.85
Geelong South,2019-09-17,15.61,5.08
Geelong South,2019-09-18,20.41,6.78
Geelong South,2019-09-19,15.4,4.37
Geelong South,2019-09-20,22.76,6.87
Geelong South,2019-09-21,17.0,7.23
Geelong South,2019-09-22,5.03,2.63
Geelong South,2019-09-23,6.45,2.3
Geelong South,2019-09-24,9.28,1.55
Geelong South,2019-09-25,12.35,3.04
Geelong South,2019-09-26,15.19,4.88
Geelong South,2019-09-27,13.01,6.43
Geelong South,2019-09-28,13.42,6.13
Geelong South,2019-09-29,11.71,6.15
Geelong South,2019-09-30,15.56,4.39
Geelong South,2019-10-01,22.76,5.76
Geelong South,2019-10-02,30.51,7.43
Geelong South,2019-10-03,28.55,8.5
Geelong South,2019-10-04,7.48,2.6
Geelong South,2019-10-05,12.65,5.25
Geelong South,2019-10-06,14.6,6.68
Geelong South,2019-10-07,9.36,5.38
Geelong South,2019-10-08,7.26,4.78
Geelong South,2019-10-09,5.36,1.91
Geelong South,2019-10-15,11.16,4.9
Geelong South,2019-10-16,9.09,2.77
Geelong South,2019-10-17,11.25,4.91
Geelong South,2019-10-18,25.61,5.51
Geelong South,2019-10-19,12.27,5.91
Geelong South,2019-10-20,14.05,5.75
Geelong South,2019-10-21,14.76,3.6
Geelong South,2019-10-22,18.07,6.18
Geelong South,2019-10-23,36.42,8.74
Geelong South,2019-10-24,44.65,11.24
Geelong South,2019-10-25,63.78,9.48
Geelong South,2019-10-26,10.13,4.55
Geelong South,2019-10-27,11.98,4.45
Geelong South,2019-10-28,12.23,4.17
Geelong South,2019-10-29,26.94,5.18
Geelong South,2019-10-30,22.13,7.76
Geelong South,2019-10-31,41.63,9.39
Geelong South,2019-11-01,72.07,15.97
Geelong South,2019-11-02,9.17,3.13
Geelong South,2019-11-03,12.91,6.73
Geelong South,2019-11-04,10.35,4.01
Geelong South,2019-11-05,10.79,3.27
Geelong South,2019-11-06,21.9,4.83
Geelong South,2019-11-07,9.72,4.07
Geelong South,2019-11-08,9.86,5.95
Geelong South,2019-11-09,9.54,2.3
Geelong South,2019-11-10,6.98,1.82
Geelong South,2019-11-11,22.14,3.69
Geelong South,2019-11-12,21.33,8.44
Geelong South,2019-11-13,14.04,5.18
Geelong South,2019-11-14,8.73,2.1
Geelong South,2019-11-15,12.51,6.76
Geelong South,2019-11-16,17.2,6.5
Geelong South,2019-11-17,16.15,4.7
Geelong South,2019-11-18,18.15,2.76
Geelong South,2019-11-19,16.7,4.41
Geelong South,2019-11-20,20.6,3.3
Geelong South,2019-11-21,102.3,12.94
Geelong South,2019-11-22,9.22,5.87
Geelong South,2019-11-23,12.66,7.53
Geelong South,2019-11-24,14.57,7.88
Geelong South,2019-11-25,25.42,6.46
Geelong South,2019-11-26,10.49,6.26
Geelong South,2019-11-27,19.31,4.12
Geelong South,2019-11-28,17.33,5.61
Geelong South,2019-11-29,22.54,7.38
Geelong South,2019-11-30,9.08,4.56
Geelong South,2019-12-01,7.16,4.32
Geelong South,2019-12-02,12.24,5.65
Geelong South,2019-12-03,16.08,4.54
Geelong South,2019-12-04,9.49,4.41
Geelong South,2019-12-05,14.32,4.79
Geelong South,2019-12-06,19.86,6.94
Geelong South,2019-12-07,24.54,7.51
Geelong South,2019-12-08,16.53,4.2
Geelong South,2019-12-09,33.59,7.36
Geelong South,2019-12-10,14.77,6.56
Geelong South,2019-12-11,14.34,4.32
Geelong South,2019-12-12,14.3,4.35
Geelong South,2019-12-13,17.65,4.45
Geelong South,2019-12-14,7.0,1.64
Geelong South,2019-12-15,9.5,4.08
Geelong South,2019-12-16,15.54,5.01
Geelong South,2019-12-17,18.31,4.94
Geelong South,2019-12-18,36.69,9.46
Geelong South,2019-12-19,22.35,6.63
Geelong South,2019-12-20,64.36,18.01
Geelong South,2019-12-21,33.47,16.12
Geelong South,2019-12-22,28.35,9.46
Geelong South,2019-12-23,28.45,10.43
Geelong South,2019-12-24,20.82,6.83
Geelong South,2019-12-25,47.0,32.01
Geelong South,2019-12-26,20.12,9.96
Geelong South,2019-12-27,18.48,7.29
Geelong South,2019-12-28,33.24,13.66
Geelong South,2019-12-29,16.92,7.67
Geelong South,2019-12-30,81.7,12.28
Geelong South,2019-12-31,21.21,10.1
Geelong South,2020-01-01,19.5,6.61
Geelong South,2020-01-02,21.09,6.09
Geelong South,2020-01-03,52.01,27.53
Geelong South,2020-01-04,40.45,24.1
Geelong South,2020-01-05,17.12,5.83
Geelong South,2020-01-06,91.52,70.73
Geelong South,2020-01-07,11.5,13.84
Geelong South,2020-01-08,18.18,11.28
Geelong South,2020-01-09,25.89,10.77
Geelong South,2020-01-10,41.32,23.82
Geelong South,2020-01-11,14.93,7.42
Geelong South,2020-01-12,6.36,2.79
Geelong South,2020-01-13,150.69,58.56
Geelong South,2020-01-14,168.02,143.79
Geelong South,2020-01-15,203.8,155.18
Geelong South,2020-01-16,19.28,33.89
Geelong South,2020-01-17,13.49,7.7
Geelong South,2020-01-18,26.83,12.36
Geelong South,2020-01-19,30.3,18.25
Geelong South,2020-01-20,9.13,5.88
Geelong South,2020-01-21,13.12,9.57
Geelong South,2020-02-14,11.02,6.29
Geelong South,2020-02-15,13.02,6.87
Geelong South,2020-02-16,16.95,5.44
Geelong South,2020-02-17,20.92,3.81
Geelong South,2020-02-18,10.39,4.63
Geelong South,2020-02-19,14.82,5.48
Geelong South,2020-02-20,12.35,2.75
Geelong South,2020-02-21,10.26,4.12
Geelong South,2020-02-22,11.76,2.93
Geelong South,2020-02-23,18.35,5.73
Geelong South,2020-02-24,21.08,6.76
Geelong South,2020-02-25,16.02,5.51
Geelong South,2020-02-26,16.12,3.63
Geelong South,2020-02-27,17.96,4.85
Geelong South,2020-02-28,12.09,2.45
Geelong South,2020-02-29,6.4,1.88
Traralgon,2019-09-01,13.83,12.95
Traralgon,2019-09-02,10.59,6.81
Traralgon,2019-09-03,10.97,6.8
Traralgon,2019-09-04,13.2,8.48
Traralgon,2019-09-05,13.54,7.8
Traralgon,2019-09-06,6.41,2.37
Traralgon,2019-09-07,10.22,6.46
Traralgon,2019-09-08,9.07,5.58
Traralgon,2019-09-09,16.23,10.29
Traralgon,2019-09-10,16.0,8.95
Traralgon,2019-09-11,16.33,11.21
Traralgon,2019-09-12,20.41,10.2
Traralgon,2019-09-13,21.75,10.31
Traralgon,2019-09-14,28.75,15.93
Traralgon,2019-09-15,11.63,10.1
Traralgon,2019-09-16,16.53,9.9
Traralgon,2019-09-17,11.58,8.07
Traralgon,2019-09-18,13.42,7.66
Traralgon,2019-09-19,14.9,7.2
Traralgon,2019-09-20,21.01,8.7
Traralgon,2019-09-21,21.22,7.67
Traralgon,2019-09-22,7.44,5.0
Traralgon,2019-09-23,9.38,8.08
Traralgon,2019-09-24,7.61,5.19
Traralgon,2019-09-25,6.62,6.98
Traralgon,2019-09-26,12.74,6.37
Traralgon,2019-09-27,17.27,5.15
Traralgon,2019-09-28,16.39,7.07
Traralgon,2019-09-29,14.83,7.56
Traralgon,2019-09-30,16.77,9.05
Traralgon,2019-10-01,20.0,9.37
Traralgon,2019-10-02,28.1,10.5
Traralgon,2019-10-03,27.58,9.07
Traralgon,2019-10-04,17.59,8.18
Traralgon,2019-10-05,13.56,4.72
Traralgon,2019-10-06,21.07,5.97
Traralgon,2019-10-07,11.02,4.57
Traralgon,2019-10-08,12.64,5.08
Traralgon,2019-10-09,14.6,6.2
Traralgon,2019-10-10,11.83,6.1
Traralgon,2019-10-11,12.77,2.96
Traralgon,2019-10-12,10.6,3.88
Traralgon,2019-10-13,9.06,4.28
Traralgon,2019-10-14,16.95,5.97
Traralgon,2019-10-16,14.94,6.52
Traralgon,2019-10-17,8.65,5.55
Traralgon,2019-10-18,15.42,4.77
Traralgon,2019-10-19,14.42,6.37
Traralgon,2019-10-20,15.16,7.25
Traralgon,2019-10-21,11.99,5.66
Traralgon,2019-10-22,13.31,6.52
Traralgon,2019-10-23,16.39,6.29
Traralgon,2019-10-24,23.1,9.01
Traralgon,2019-10-25,35.62,11.15
Traralgon,2019-10-26,12.65,6.37
Traralgon,2019-10-27,11.17,7.74
Traralgon,2019-10-28,12.14,4.78
Traralgon,2019-10-29,18.33,6.1
Traralgon,2019-10-30,29.83,10.55
Traralgon,2019-10-31,36.08,12.25
Traralgon,2019-11-01,39.6,12.82
Traralgon,2019-11-02,26.52,14.38
Traralgon,2019-11-03,8.65,4.72
Traralgon,2019-11-04,7.9,3.15
Traralgon,2019-11-05,9.62,4.04
Traralgon,2019-11-06,18.75,8.91
Traralgon,2019-11-07,19.6,13.69
Traralgon,2019-11-08,10.9,6.56
Traralgon,2019-11-09,15.49,10.39
Traralgon,2019-11-10,9.73,6.7
Traralgon,2019-11-11,10.62,4.97
Traralgon,2019-11-12,22.43,7.17
Traralgon,2019-11-13,13.9,7.75
Traralgon,2019-11-14,11.71,3.08
Traralgon,2019-11-15,16.38,4.17
Traralgon,2019-11-16,17.85,7.01
Traralgon,2019-11-17,13.11,4.87
Traralgon,2019-11-18,18.48,6.4
Traralgon,2019-11-19,25.37,4.33
Traralgon,2019-11-20,26.72,6.65
Traralgon,2019-11-21,77.98,15.94
Traralgon,2019-11-22,17.93,4.85
Traralgon,2019-11-23,27.98,6.43
Traralgon,2019-11-24,23.25,9.78
Traralgon,2019-11-25,25.47,4.82
Traralgon,2019-11-26,42.7,29.77
Traralgon,2019-11-27,27.73,7.58
Traralgon,2019-11-28,28.87,7.61
Traralgon,2019-11-29,15.69,5.39
Traralgon,2019-12-02,11.2,4.45
Traralgon,2019-12-03,12.59,3.76
Traralgon,2019-12-04,10.78,5.05
Traralgon,2019-12-05,15.39,5.48
Traralgon,2019-12-06,20.42,6.36
Traralgon,2019-12-07,25.12,10.11
Traralgon,2019-12-08,14.14,5.83
Traralgon,2019-12-09,25.25,7.41
Traralgon,2019-12-10,13.38,5.24
Traralgon,2019-12-11,29.15,8.7
Traralgon,2019-12-12,20.58,4.96
Traralgon,2019-12-13,19.81,6.86
Traralgon,2019-12-14,7.34,4.43
Traralgon,2019-12-15,12.04,4.68
Traralgon,2019-12-16,12.05,3.75
Traralgon,2019-12-17,24.11,8.6
Traralgon,2019-12-18,35.25,15.55
Traralgon,2019-12-19,23.52,7.71
Traralgon,2019-12-20,59.29,34.4
Traralgon,2019-12-21,35.87,14.05
Traralgon,2019-12-22,29.37,10.89
Traralgon,2019-12-23,56.99,18.46
Traralgon,2019-12-24,21.18,8.43
Traralgon,2019-12-25,19.45,9.5
Traralgon,2019-12-26,20.97,11.82
Traralgon,2019-12-27,22.89,11.72
Traralgon,2019-12-28,31.7,16.37
Traralgon,2019-12-29,27.93,13.02
Traralgon,2019-12-30,48.54,13.47
Traralgon,2019-12-31,20.91,9.81
Traralgon,2020-01-01,14.23,5.87
Traralgon,2020-01-02,15.94,6.21
Traralgon,2020-01-03,112.62,85.58
Traralgon,2020-01-04,77.13,93.91
Traralgon,2020-01-06,161.02,210.54
Traralgon,2020-01-07,59.53,85.31
Traralgon,2020-01-08,8.75,15.68
Traralgon,2020-01-09,19.25,10.02
Traralgon,2020-01-10,38.04,22.55
Traralgon,2020-01-11,16.5,5.7
Traralgon,2020-01-12,11.32,4.65
Traralgon,2020-01-13,191.37,53.53
Traralgon,2020-01-14,224.92,186.42
Traralgon,2020-01-15,248.72,244.36
Traralgon,2020-01-16,14.47,21.61
Traralgon,2020-01-17,14.64,7.42
Traralgon,2020-01-18,22.86,10.03
Traralgon,2020-01-19,17.36,13.68
Traralgon,2020-01-20,0.67,2.21
Traralgon,2020-01-21,15.03,6.7
Traralgon,2020-01-22,33.09,7.36
Traralgon,2020-01-23,8.87,5.35
Traralgon,2020-01-24,17.99,5.91
Traralgon,2020-01-25,17.09,6.04
Traralgon,2020-01-26,19.24,9.63
Traralgon,2020-01-27,16.51,4.79
Traralgon,2020-01-28,17.98,6.76
Traralgon,2020-01-29,18.9,5.75
Traralgon,2020-01-30,41.98,6.71
Traralgon,2020-01-31,57.15,24.75
Traralgon,2020-02-01,25.02,10.72
Traralgon,2020-02-02,9.7,2.55
Traralgon,2020-02-03,14.43,4.76
Traralgon,2020-02-04,18.72,5.7
Traralgon,2020-02-05,20.82,7.7
Traralgon,2020-02-06,69.99,32.47
Traralgon,2020-02-07,50.68,34.21
Traralgon,2020-02-08,32.46,9.25
Traralgon,2020-02-09,20.78,8.31
Traralgon,2020-02-10,14.63,4.34
Traralgon,2020-02-11,9.23,3.86
Traralgon,2020-02-12,10.28,5.31
Traralgon,2020-02-13,6.23,2.66
Traralgon,2020-02-14,18.21,4.19
Traralgon,2020-02-17,17.5,5.26
Traralgon,2020-02-18,12.71,4.38
Traralgon,2020-02-19,10.27,3.7
Traralgon,2020-02-20,12.42,5.13
Traralgon,2020-02-21,8.82,2.91
Traralgon,2020-02-22,13.65,4.25
Traralgon,2020-02-23,19.7,6.03
Traralgon,2020-02-24,18.91,8.14
Traralgon,2020-02-25,16.25,7.71
Traralgon,2020-02-26,9.68,2.98
Traralgon,2020-02-27,13.92,4.35
Traralgon,2020-02-28,8.31,4.18
Traralgon,2020-02-29,10.62,4.54
