latitude,longitude,fire_count,total_frp,avg_confidence
-31.5,152,3577,251866.3,84.1
-33,150.5,3193,258883.1,83.7
-30,152.5,2792,317832.0,85.5
-31,152,2758,321922.1,85.9
-34,150,2738,308584.4,85.7
-35.5,150,2033,289720.8,87.8
-37.5,148,2023,289734.8,88.0
-32.5,150.5,2019,123840.1,84.3
-37,149.5,1996,300673.2,89.5
-33,151,1983,124238.3,82.5
-31,152.5,1891,152803.3,82.4
-29,152.5,1877,168073.0,84.7
-37.5,149,1860,123275.8,85.9
-29.5,152.5,1854,141755.4,82.9
-33.5,150.5,1853,247589.8,86.0
-37.5,148.5,1736,106935.9,90.4
-37.5,149.5,1689,276379.0,87.8
-33,150,1651,147716.2,86.4
-36,149.5,1624,239741.8,88.1
-29.5,152,1461,144119.7,84.3
-30,152,1396,146230.4,83.9
-34,150.5,1337,141314.2,85.0
-32,121.5,1246,216892.3,86.4
-33,123.5,1242,239641.5,89.3
-37.5,147.5,1236,207160.6,86.1
-35.5,149,1207,201626.9,89.1
-32.5,150,1202,113617.5,85.8
-36.5,148,1195,123919.4,85.1
-30.5,152.5,1186,163904.4,84.1
-28.5,152.5,1087,95419.3,85.5
-15.5,144,1083,50226.5,76.8
-31.5,151.5,1077,84651.5,85.8
-35.5,148,1075,211474.1,90.5
-32.5,123.5,1052,228116.6,90.1
-31,123.5,1036,217536.4,87.2
-35,150.5,1034,127544.7,86.4
-35,150,1021,121676.4,87.0
-29,153,1009,143513.5,87.9
-30.5,152,1005,101410.0,84.7
-36.5,149.5,964,242136.5,90.7
-36,150,952,87554.4,83.7
-36,147.5,933,177996.8,90.6
-29.5,153,892,124771.4,86.3
-31.5,152.5,889,79104.1,82.3
-36,149,882,164165.7,88.5
-29,151.5,851,150272.3,87.9
-37,148,846,163163.8,88.0
-30,153,844,75723.2,85.0
-36,148.5,839,124112.7,86.9
-33.5,150,803,127516.8,87.8
-14,131,799,87214.5,83.4
-28,152.5,790,52640.0,83.6
-14.5,131,779,114246.3,88.4
-34.5,150.5,731,72545.4,86.9
-32.5,122,723,205869.9,89.2
-31,124,708,109038.1,85.3
-31.5,124,704,127172.0,85.5
-37,147,680,109586.0,86.5
-13,130.5,678,73085.9,84.9
-14,133.5,664,61723.6,80.8
-32.5,120,663,134825.1,86.8
-16.5,124,654,39262.7,80.6
-37.5,150,647,42490.3,87.3
-35.5,149.5,644,129822.6,88.8
-36,148,637,86574.2,87.4
-17,143,583,46669.6,81.9
-15,127.5,582,39787.8,85.7
-28.5,128.5,579,66198.5,85.4
-37,148.5,573,88591.7,90.3
-32.5,151,566,31138.2,84.7
-30.5,151,559,32286.1,81.9
-15,127,542,44426.2,82.8
-13,136,538,39208.7,80.0
-32.5,123,538,201778.9,89.0
-12.5,136.5,537,20930.6,74.0
-32,152.5,535,71319.7,84.5
-15.5,144.5,534,25981.9,77.5
-15.5,127,532,53346.0,82.5
-32,152,530,32870.1,85.1
-22.5,150.5,529,39342.4,77.5
-11.5,142.5,528,36615.1,77.8
-12,142.5,526,28034.1,76.7
-33.5,151,519,34593.6,81.5
-16,144.5,503,21962.8,77.6
-28.5,129.5,494,46232.1,85.3
-29.5,151.5,489,84211.5,85.6
-16,125.5,487,30925.0,80.8
-37,147.5,481,104270.1,88.6
-31.5,151,479,38300.7,84.4
-12,133,471,33884.7,77.3
-17,143.5,461,27456.0,79.1
-36,136.5,461,103026.6,91.6
-35.5,150.5,458,56904.4,87.2
-16,144,447,23894.8,79.0
-13,143,445,27368.0,76.4
-37,150,445,27628.7,93.6
-37,149,438,59684.1,88.0
-14.5,126.5,430,34531.0,80.7
-25,149.5,425,30766.6,84.2
-16.5,137.5,424,30175.5,79.3
-35.5,148.5,422,23712.3,84.3
-16.5,138,413,24440.8,82.9
-32.5,121.5,411,57044.5,86.7
-14.5,127,410,28245.8,81.0
-13,134.5,405,41105.6,82.5
-30,151.5,402,47960.5,86.5
-15.5,134.5,401,45054.8,82.7
-41.5,148,401,41853.9,85.2
-37,146.5,401,64061.6,82.7
-17,137.5,398,27937.6,79.0
-34.5,150,396,40823.8,85.9
-17.5,143,395,24926.8,80.4
-18,145.5,393,32304.1,79.6
-33,124,381,236986.2,91.5
-18,142.5,380,25263.0,83.9
-18.5,144,380,20893.1,81.8
-16,125,375,25306.4,81.7
-14,130,373,23236.7,77.5
-26.5,152.5,371,23440.9,81.6
-16,142.5,369,20137.3,81.1
-17.5,145,365,23568.1,81.7
-26,151,361,26607.1,80.1
-12.5,133,359,25901.0,77.9
-13,142,359,21463.6,77.1
-13.5,131,358,22307.4,79.7
-12.5,135.5,358,26307.1,80.1
-12.5,142,356,16923.4,77.7
-15.5,125,352,17868.2,79.6
-15.5,135,350,27435.0,77.2
-34.5,118,348,60613.5,88.4
-13.5,132.5,344,18629.6,81.7
-30,150,344,19984.9,83.4
-36,137,344,66547.1,91.5
-14.5,127.5,343,16840.1,79.3
-14,133,341,25066.4,78.5
-32.5,120.5,341,67413.9,86.4
-32,151.5,339,20017.7,82.5
-16,143.5,339,25680.5,80.6
-17.5,142.5,336,24723.2,84.4
-30,151,334,45470.0,84.3
-30.5,150,332,36789.2,83.5
-17.5,122.5,331,44843.9,86.4
-36.5,150,328,12692.9,81.3
-36.5,147.5,326,38241.0,83.6
-13.5,135.5,321,19625.2,80.3
-12,133.5,316,18786.5,76.7
-26,130,315,42603.8,91.0
-13.5,134.5,310,25963.8,82.1
-28,128.5,305,29004.5,85.8
-12.5,135,299,17153.2,77.1
-16,142,296,14905.4,81.8
-23,150.5,288,29725.2,86.1
-25,149,287,25794.1,85.6
-33,120,285,84871.9,91.4
-15.5,131,280,20759.0,83.6
-14.5,143.5,274,10692.4,76.2
-15.5,126.5,274,25194.7,84.0
-16,143,271,19757.7,80.9
-11.5,142,270,16662.2,78.5
-31,151,267,21601.2,84.5
-29,129,267,25257.2,86.1
-15.5,143.5,267,19283.2,82.7
-12.5,136,261,18366.0,79.3
-33,124.5,261,77328.9,89.1
-14.5,132,259,36944.2,89.7
-13.5,142,259,13405.0,76.1
-15.5,125.5,258,13689.2,78.3
-30,150.5,257,19691.6,86.5
-28,128,257,41654.2,88.8
-12.5,131.5,256,12770.0,78.1
-29,128.5,253,33356.9,86.0
-11,142.5,252,12292.6,78.2
-15.5,127.5,250,13873.6,83.0
-29,151,249,15703.8,85.1
-13.5,130.5,249,19054.0,80.6
-12.5,132,247,16358.0,80.1
-28.5,130,246,44638.5,91.5
-15,131.5,241,18883.4,84.7
-18,144,241,7883.3,78.7
-28.5,128,240,67686.2,86.5
-29,128,239,22728.6,86.0
-12.5,134,234,13027.4,76.8
-15,126.5,234,18797.7,80.6
-31.5,123.5,232,35801.4,85.3
-13,143.5,229,11298.2,74.2
-16,126.5,229,23564.0,81.8
-15,144,229,11303.5,80.7
-17.5,124,227,29003.8,83.1
-17,124,223,23591.1,81.9
-13,132.5,222,16130.6,81.5
-15.5,126,222,13490.4,82.3
-32.5,122.5,222,123483.9,91.3
-28.5,129,221,37495.3,84.6
-11.5,133,220,12055.4,79.1
-35.5,137,220,29038.3,87.9
-12.5,142.5,218,11262.8,76.8
-26.5,150.5,218,13487.8,81.3
-16.5,145,218,13502.1,78.7
-18,143.5,218,8574.6,80.2
-12.5,132.5,217,15714.4,79.3
-12,136.5,217,8160.9,76.1
-12.5,134.5,215,14633.2,80.7
-16.5,136,214,12217.8,80.7
-15.5,130,212,13871.4,81.9
-25.5,149,210,10519.5,82.4
-12,134,209,12082.8,78.3
-27.5,151,200,29051.1,85.9
-26,146.5,200,16394.3,83.1
-15,126,199,16629.1,81.6
-28.5,123,199,29763.6,82.5
-32,119.5,199,46342.6,89.0
-16,137,197,16608.7,79.8
-11.5,132.5,195,13158.8,78.5
-16,136.5,190,9763.8,76.1
-13.5,132,188,17027.8,82.2
-27.5,152,186,29980.4,84.1
-18,145,185,16738.5,82.5
-13,136.5,185,11206.9,76.5
-22,116.5,185,26202.1,85.6
-17.5,143.5,184,10062.0,79.1
-11.5,131,183,8420.0,75.2
-13.5,143,183,9020.5,79.5
-16.5,141.5,182,11035.5,82.3
-15,128.5,181,10316.1,78.9
-12,134.5,180,8215.1,75.6
-14,135,179,8523.0,80.8
-31,153,178,7294.4,83.9
-28.5,152,177,10100.4,81.2
-23.5,132,177,16354.8,82.8
-20,144.5,177,8473.9,77.7
-36.5,146.5,177,13605.4,82.8
-16.5,142.5,173,8186.9,78.6
-13,131,172,13949.3,82.6
-15.5,142.5,169,8490.6,78.7
-16,134.5,168,11194.3,78.2
-32.5,121,168,38372.7,86.7
-14,135.5,163,11282.5,80.0
-16,129,161,12482.8,80.5
-16.5,128,161,8184.1,83.6
-24,149,161,18579.8,88.3
-16,124.5,161,6851.6,78.8
-19,144,161,7843.4,79.0
-18.5,143.5,161,9197.4,86.3
-13.5,130,160,10930.9,78.3
-33.5,123.5,158,68580.4,95.0
-16.5,142,155,10966.4,83.3
-16.5,123.5,155,7758.4,81.0
-24.5,151.5,155,5909.3,75.2
-12,131,154,6598.2,77.0
-12,143,153,6964.9,74.8
-25,152,153,30348.5,85.7
-17,145,152,5721.2,78.2
-15.5,142,151,8845.0,79.8
-16.5,125,151,12974.7,80.5
-20,144,151,10053.6,82.1
-33,122,151,68071.3,86.6
-28.5,124.5,150,16324.1,86.2
-17.5,130,150,21549.5,89.0
-31,120,150,25509.8,86.7
-13,135,149,12775.3,80.5
-31.5,115.5,148,31004.7,88.3
-27.5,127.5,148,15268.1,82.5
-14,127,148,10350.6,78.1
-22.5,150,147,10960.4,80.3
-15,145,147,6006.1,73.8
-29,152,147,16618.7,81.2
-29.5,153.5,147,28968.4,87.9
-15.5,131.5,146,19399.8,84.1
-18.5,145.5,146,16944.6,78.3
-15.5,128.5,145,8384.1,78.6
-20,143.5,145,10981.4,83.1
-11.5,130.5,144,7906.1,79.6
-33,116.5,144,16762.6,82.0
-15.5,124.5,144,9791.6,79.9
-16.5,136.5,143,10414.4,78.0
-28,129,143,29406.8,88.0
-24.5,129,142,29102.4,91.5
-28,127.5,142,25611.3,87.4
-13,135.5,142,10484.9,80.4
-18,144.5,141,5871.4,78.0
-18.5,144.5,140,14246.6,83.5
-17,125,137,5876.0,81.2
-19,124.5,137,22301.0,88.9
-38,142,137,10230.9,86.3
-16,136,136,9844.4,80.7
-29,153.5,136,18413.0,87.4
-15.5,129.5,136,8275.6,79.5
-25,150,136,9940.5,85.5
-19,146,136,6385.5,75.1
-28,132,136,22265.2,89.5
-12,132.5,135,11841.4,81.7
-32,123,135,18862.0,81.7
-27.5,128.5,135,24864.9,88.3
-21.5,145.5,134,13539.1,86.5
-27,130.5,133,15505.6,86.3
-19.5,121.5,133,19364.8,93.0
-31.5,153,132,6927.9,80.0
-15,125.5,132,7903.5,81.1
-32.5,119.5,132,28263.3,87.4
-22.5,116.5,131,9465.9,85.8
-15,142.5,131,6730.8,78.7
-16,131,130,8935.9,84.3
-30.5,151.5,130,9248.9,83.5
-18.5,142.5,128,4833.9,82.1
-30,118.5,128,22767.6,85.5
-12,142,127,5460.1,75.0
-17,124.5,125,13753.1,82.2
-14.5,131.5,125,6993.1,84.0
-15.5,128,124,10192.0,81.2
-25,147,124,10048.6,83.2
-21.5,141,123,9479.4,82.2
-14,130.5,121,5436.2,78.3
-17,138.5,121,7439.5,78.6
-33,116,121,22221.7,89.7
-26,119.5,121,18250.7,84.4
-30.5,123,121,9878.9,82.8
-26.5,130.5,118,11639.6,85.3
-17,138,118,6962.2,78.8
-17.5,144,118,4364.7,72.8
-27.5,129,117,16452.6,86.0
-16.5,143,116,6001.7,80.0
-23,150,115,5190.0,77.6
-15,142,114,6228.3,79.5
-18,122.5,113,16454.9,85.0
-16,127,113,9793.2,85.0
-12.5,137,112,4884.8,76.9
-30.5,123.5,112,31990.3,85.7
-15.5,143,111,4296.3,76.8
-14,143,110,4310.6,77.5
-25.5,151,110,6735.8,77.9
-19.5,144,109,8223.3,83.0
-15,125,109,5168.2,79.4
-21,135,109,13395.5,87.8
-26,153,108,13772.6,80.0
-16,129.5,108,4773.1,78.4
-20,139.5,107,5716.5,80.7
-26.5,151,106,4184.2,75.5
-22,134.5,106,25015.3,90.8
-24.5,152,105,6606.9,80.5
-22.5,117,105,12365.1,84.0
-25.5,153,105,7503.5,79.2
-19,143.5,105,3708.9,77.2
-27,128.5,104,17611.2,84.7
-21.5,140,104,10708.8,88.0
-34.5,118.5,102,12945.0,89.3
-24.5,147,102,6562.7,78.7
-27.5,152.5,102,3541.6,80.8
-14,131.5,101,9215.6,83.0
-14,132.5,101,4427.9,75.6
-20.5,139.5,101,6536.7,77.7
-33.5,124,100,31689.7,89.6
-28.5,122.5,99,10480.7,85.3
-16.5,124.5,99,4338.3,76.4
-18.5,124,99,12751.3,87.7
-16.5,126.5,99,6340.5,82.4
-17,144,99,3878.5,74.9
-27.5,148,98,5135.6,79.9
-21,119,98,7548.9,85.0
-25,147.5,98,4436.5,75.4
-31,121,98,18895.9,87.7
-13,132,97,7725.7,85.9
-14.5,142,97,4102.3,77.1
-32,149,97,25837.8,88.1
-22,117,97,8850.2,85.3
-42,148,97,6527.4,81.1
-16,131.5,96,4958.6,78.9
-24.5,146.5,96,6165.8,79.9
-38,141.5,96,8812.5,82.3
-27,129,95,11932.8,83.5
-28.5,127.5,95,7368.3,79.0
-24.5,118,95,8754.8,80.7
-12,135.5,94,3523.1,74.0
-33,120.5,94,14945.9,86.9
-19.5,144.5,94,3469.2,77.0
-31.5,133,94,15209.9,91.7
-28,127,93,11624.3,84.8
-25,148,93,5660.8,79.3
-14,136.5,92,3959.2,76.1
-34.5,117,92,28452.5,82.8
-28,131.5,92,8992.8,87.3
-24.5,148,91,3427.2,79.2
-31.5,121,91,19828.9,87.0
-27.5,149,90,7397.3,84.2
-15.5,130.5,90,4677.0,78.9
-26,152,88,4758.5,81.3
-26.5,130,87,5396.6,76.2
-13,141.5,86,3632.2,75.8
-25.5,151.5,86,5371.6,82.4
-34,142.5,85,3599.7,76.9
-31,132.5,85,12278.9,85.2
-32,147,84,5728.6,80.7
-25,152.5,84,11067.2,89.0
-16.5,128.5,84,4514.6,79.4
-30.5,120.5,84,71951.6,93.3
-28.5,125.5,84,10219.3,80.6
-25.5,150.5,83,6100.5,77.3
-26,150.5,83,2805.9,75.7
-11.5,132,82,4951.0,76.3
-28.5,148,81,2555.5,77.4
-18.5,124.5,81,7537.2,85.1
-15.5,145,80,4387.3,75.4
-15.5,129,80,3934.1,76.5
-25.5,130,80,12306.4,88.5
-28.5,153.5,79,2754.5,83.0
-28.5,126.5,79,8099.3,84.3
-16,141.5,79,2441.1,75.6
-14.5,144,78,4243.9,77.8
-30.5,147.5,77,16806.4,88.2
-13,131.5,76,3808.9,78.5
-21,120.5,76,4390.7,82.8
-16,128.5,76,4977.6,81.6
-21.5,118,75,7925.3,80.5
-14.5,143,75,2958.0,77.1
-25,127.5,75,7251.3,91.3
-14.5,128,75,2799.0,74.6
-15,133,74,7890.7,84.4
-35,139,74,9633.5,85.9
-24.5,128.5,74,12559.2,85.0
-21,136.5,74,11730.3,83.0
-15.5,135.5,73,3554.5,74.5
-28,153,73,3151.3,75.7
-29,125.5,73,7334.2,85.1
-27,129.5,73,4856.3,81.7
-15,132,73,5835.0,87.7
-21.5,119.5,72,5020.9,83.9
-23,118.5,72,6915.9,86.6
-30.5,153,71,16640.7,88.1
-21,137,71,14716.9,88.6
-18,143,71,2920.2,79.9
-12.5,131,70,4832.3,77.0
-14,143.5,70,2167.7,76.1
-16,130,69,3699.3,79.4
-20.5,119,69,5389.7,81.8
-19,145.5,69,2920.5,76.2
-26.5,126,68,5704.7,83.6
-16,145,68,2142.9,73.9
-29.5,145,68,13328.8,83.8
-32,136,68,20982.6,88.8
-17,125.5,67,2897.9,72.2
-17,145.5,67,3057.3,73.7
-32.5,116,67,4946.1,75.8
-14.5,135.5,67,5056.4,78.2
-27.5,150,67,3481.6,80.7
-36.5,140,67,8891.3,83.3
-12.5,143,66,3315.1,75.4
-24.5,149,66,4456.5,80.9
-19.5,143.5,66,3556.3,75.9
-16.5,144.5,65,2192.8,73.5
-25.5,129,65,6773.8,83.9
-27.5,130,65,5753.0,86.9
-17.5,124.5,65,5173.0,83.2
-30.5,122.5,65,7517.1,89.8
-38,149,65,5573.2,84.4
-19.5,146.5,64,3833.5,73.9
-24,129.5,64,5003.3,82.4
-31,123,64,14316.1,84.2
-15,128,64,2906.4,77.9
-18.5,146,63,2941.7,73.6
-17.5,144.5,63,3942.5,81.6
-27.5,126,63,4531.7,83.9
-17,123,62,4240.6,79.5
-12.5,130.5,62,3229.5,78.0
-17.5,125.5,62,1484.9,80.5
-36,140,62,13770.8,82.2
-19,144.5,62,3766.8,85.0
-23,119,62,4234.1,86.1
-27.5,128,62,14681.6,90.1
-15.5,136,61,5755.8,76.9
-14,137,61,6131.1,77.4
-18,123.5,61,8523.1,87.1
-30.5,150.5,61,4687.0,82.4
-28,125.5,61,4739.8,77.5
-33.5,137,61,46314.5,91.0
-17,128,60,2281.0,80.5
-19,139.5,59,2407.7,85.5
-15,143.5,59,4116.5,80.3
-27,147.5,58,6889.9,87.2
-31.5,146.5,58,1761.5,74.3
-21,120,58,5817.2,86.9
-22,118,58,5932.9,86.4
-14.5,133,57,1885.3,70.8
-14,132,57,2491.2,77.1
-28,129.5,57,9768.3,85.3
-17.5,122,57,2992.8,82.2
-18.5,126.5,57,4132.2,88.3
-24,151,56,2592.8,75.8
-20,121,56,12275.4,87.2
-27,153.5,56,3240.8,78.6
-31,133,56,4596.5,83.1
-13,133,55,2722.3,81.3
-21.5,134.5,55,8834.8,85.7
-28,152,55,2977.6,88.4
-13.5,133,55,2283.4,75.3
-13.5,136,55,2875.5,79.1
-27,150,54,1953.5,79.3
-19.5,147,54,2198.4,71.9
-16.5,139.5,54,3148.5,75.0
-27,126,54,2263.6,83.0
-16,135,54,4972.8,84.5
-16.5,127,54,2803.0,83.7
-25.5,128,54,5762.1,86.6
-17,142.5,53,2842.4,76.7
-17,144.5,53,2071.0,75.3
-29,131.5,53,8690.8,88.8
-20,145.5,53,6372.1,85.6
-29.5,118.5,53,4747.7,83.1
-16.5,129.5,53,4252.2,81.8
-31,119.5,53,6452.6,88.8
-34,142,52,6763.1,87.9
-27,152.5,52,2603.4,74.1
-19.5,123.5,52,5249.6,83.3
-18.5,126,52,2683.9,87.0
-23.5,128.5,52,3828.3,80.0
-19.5,138.5,52,1851.8,81.8
-26,129.5,51,11501.3,87.1
-27.5,129.5,51,2606.1,81.9
-13.5,142.5,51,1475.8,76.6
-20.5,144,51,2736.5,84.7
-31,146.5,50,1574.1,72.1
-15.5,134,50,2385.1,76.0
-22.5,117.5,50,2965.2,78.8
-19.5,139.5,50,1642.0,83.0
-24,113.5,50,5033.6,79.0
-30.5,120,50,4206.7,81.0
-14.5,144.5,49,1793.5,73.4
-23,119.5,49,5193.2,83.9
-21.5,127,49,6453.8,87.1
-34,122,49,24799.3,92.1
-31,149.5,49,4154.1,87.9
-27.5,148.5,48,4707.8,84.1
-22,117.5,48,3536.1,82.0
-19,142,48,2377.7,78.5
-29.5,128.5,48,3014.3,83.8
-25.5,128.5,48,4630.5,85.5
-21.5,148.5,47,2391.3,77.8
-14.5,132.5,47,3773.9,78.2
-28,126.5,47,5446.0,83.2
-32,135.5,47,4651.2,90.4
-20.5,134.5,47,2970.9,81.0
-32.5,147,46,1221.2,71.7
-21,118.5,46,1898.9,75.5
-22,149,46,2142.0,76.4
-18,124,46,3660.3,87.3
-31,150.5,46,1347.5,82.1
-29,148,45,1753.8,78.2
-25.5,148.5,45,4343.3,78.0
-31,116,45,6983.5,83.1
-26,128.5,45,3215.3,83.1
-20.5,148.5,45,3890.3,75.9
-15.5,136.5,45,2943.6,81.6
-32.5,152,45,2323.0,80.0
-16.5,126,45,2324.8,79.8
-21.5,119,44,4102.9,88.5
-35,117.5,44,16623.4,88.9
-23.5,150.5,44,2270.9,75.4
-14.5,141.5,44,2466.8,78.0
-33.5,116,44,2346.1,76.8
-20.5,148,44,1977.8,74.7
-26,151.5,44,1682.1,81.5
-20,122,44,5176.1,87.3
-36.5,147,44,1046.4,71.0
-18.5,123.5,44,3547.6,82.5
-24.5,127.5,44,3796.9,86.2
-22.5,149.5,43,1210.3,74.0
-28,123,43,7277.3,84.6
-19.5,145.5,43,1732.5,73.4
-18,127,43,2971.6,81.8
-17,129.5,43,3540.3,82.5
-20,140,43,2291.3,81.4
-13.5,133.5,43,2439.5,75.9
-14,134,42,3688.2,82.0
-27,152,42,2493.9,81.3
-17,122.5,42,4504.7,82.7
-29.5,149.5,42,4018.3,84.7
-21.5,118.5,42,1901.5,83.5
-17,142,42,3928.8,80.4
-21.5,120.5,41,3180.0,83.8
-16,126,41,2246.4,77.6
-30.5,124,41,15116.4,87.7
-22,140.5,41,2540.0,80.0
-35.5,137.5,41,10343.6,95.9
-26,152.5,40,1160.1,73.3
-26.5,152,40,1477.9,71.8
-28,130.5,40,4871.2,85.7
-17.5,127,40,1526.3,81.7
-15,132.5,40,1570.6,79.9
-22,119,40,2594.3,85.6
-27,126.5,39,2291.8,81.0
-24.5,145.5,39,1337.0,81.3
-21.5,125.5,39,6324.5,84.5
-27,130,39,4656.4,84.8
-23.5,119,39,3840.9,83.6
-25.5,131,39,2886.7,80.2
-29.5,125,39,4117.9,86.7
-36,137.5,39,6031.9,82.7
-26,127,38,3796.2,90.4
-18,123,38,1500.3,80.8
-28.5,125,38,3666.7,85.0
-21,117.5,38,2959.5,83.0
-25.5,130.5,38,4651.2,84.9
-27.5,131,38,1994.2,77.2
-18.5,145,38,9580.9,83.1
-16.5,133.5,37,3445.1,82.0
-17.5,123,37,2241.8,83.1
-24,118.5,37,1475.1,85.2
-25,128,37,4218.2,82.1
-35,148,36,2405.6,82.6
-31.5,119.5,36,3859.7,81.5
-40,148,36,3847.8,85.1
-33,122.5,36,13833.1,90.6
-16,130.5,35,1114.3,73.5
-34,116,35,2212.8,78.9
-16,127.5,35,5111.6,78.7
-18,125.5,35,3081.1,82.5
-22,147,35,4158.1,87.4
-32,123.5,35,4400.2,89.9
-32,116,34,1572.6,70.1
-16.5,125.5,34,1552.1,78.4
-25.5,146.5,34,1516.2,81.1
-28,130,34,2817.2,83.2
-15,134,33,890.1,79.8
-11,142,33,1743.3,82.3
-20,146,33,1710.2,81.4
-34,149.5,33,3905.1,84.6
-29,124.5,33,3046.7,85.8
-25.5,127,32,6502.0,83.4
-28.5,122,32,4404.9,86.2
-13,134,32,1542.6,76.5
-21.5,116.5,32,2165.4,83.8
-22.5,128,32,3749.3,86.5
-22,140,32,1830.1,74.8
-14.5,130,31,994.3,70.4
-25.5,152.5,31,1612.2,73.6
-28.5,150,31,581.2,71.3
-27,148,31,3078.1,84.9
-12.5,133.5,31,1435.9,74.8
-14,136,31,1090.2,71.8
-27.5,124.5,31,4985.9,94.9
-18,138,31,1752.2,80.3
-28,151,31,2003.8,82.7
-30.5,119.5,31,4527.0,83.4
-15,143,31,1365.4,79.7
-20.5,136,31,1914.3,81.8
-33,146.5,30,867.6,73.4
-13.5,134,30,1436.4,77.8
-30.5,148.5,30,698.3,70.0
-41,147,30,1477.1,79.2
-28,123.5,30,1412.7,82.5
-27,148.5,30,1123.8,77.9
-24.5,129.5,30,2614.8,83.8
-21.5,134,30,1521.2,83.2
-35.5,140,30,6367.2,84.6
-24,128,30,2028.3,85.7
-24.5,127,30,3176.6,93.5
-17,139,29,1326.1,72.1
-16.5,137,29,1676.4,81.9
-20,121.5,29,2139.2,83.9
-14,126.5,29,934.0,74.3
-19,123,29,4397.4,87.1
-17.5,125,29,1196.8,81.3
-19.5,122,29,10030.3,92.4
-16.5,144,29,1388.3,74.2
-22.5,119,29,968.4,64.9
-31.5,120,29,3408.1,84.3
-26.5,147,28,922.6,73.4
-13,142.5,28,890.5,72.4
-22,119.5,28,2151.1,85.7
-13.5,141.5,28,1441.6,78.8
-22,116,28,890.5,79.5
-30.5,119,28,4089.7,85.0
-22,145.5,28,6988.9,86.1
-15,134.5,27,904.0,78.2
-12.5,141.5,27,1046.4,82.9
-22.5,127,27,2235.8,81.1
-30,124.5,27,14298.5,88.5
-27,131,27,1513.3,84.4
-30,120,27,12573.1,85.6
-21.5,121,27,2377.2,78.6
-16,135.5,27,1533.0,77.6
-20.5,122.5,27,1397.7,88.2
-28.5,150.5,26,907.6,77.2
-14.5,129.5,26,2006.2,80.0
-23,142.5,26,2202.8,86.4
-20.5,119.5,26,1396.0,80.4
-21.5,120,26,1295.4,86.8
-20.5,123.5,26,4515.1,91.7
-26,147,25,627.3,75.5
-15,141.5,25,1217.7,77.8
-14.5,137,25,1295.1,77.2
-25,146.5,25,626.4,75.4
-33,151.5,25,1674.8,78.6
-29,126.5,25,2847.1,89.0
-23,117,25,1747.3,82.9
-30,119.5,25,5541.9,87.7
-21,135.5,25,2072.1,80.7
-25.5,152,24,1102.1,75.9
-12.5,143.5,24,1003.1,81.0
-12,135,24,885.3,74.6
-35,146,24,569.8,70.6
-28,147.5,24,900.0,76.5
-23,115.5,24,2124.7,82.3
-18.5,127,24,3564.1,81.4
-18,141,24,996.1,84.7
-17.5,142,24,8075.4,88.3
-22.5,147,24,3464.3,87.3
-29.5,148.5,23,1519.9,76.4
-32.5,146,23,700.2,70.8
-31.5,147,23,488.0,70.2
-26.5,153,23,4649.4,88.4
-27.5,149.5,23,645.2,71.2
-31.5,116,23,985.5,77.0
-26.5,146.5,23,1304.6,80.0
-17,137,23,1124.1,76.5
-20,147,23,901.8,68.6
-24.5,124.5,23,1013.9,79.5
-21.5,140.5,23,905.4,84.7
-28,150.5,22,483.9,70.7
-42.5,147,22,1505.0,74.1
-36,143.5,22,392.7,72.0
-26,148.5,22,476.3,70.2
-31.5,150,22,913.4,74.1
-15,135,22,1200.7,72.0
-32,146,22,559.5,68.0
-42.5,145.5,22,1707.7,87.8
-33.5,123,22,2217.9,78.4
-15,144.5,22,1226.2,73.6
-27,124,22,6028.4,90.1
-20,120.5,22,2133.3,91.8
-23.5,131.5,22,2575.9,85.1
-26.5,121.5,22,938.5,80.7
-33,121,22,3155.2,87.7
-27.5,120.5,22,2038.4,90.3
-34.5,137.5,22,2387.1,94.0
-30.5,149,21,1178.4,75.6
-28.5,148.5,21,1151.2,83.4
-26.5,148,21,598.6,80.4
-18.5,127.5,21,1868.4,80.7
-24,151.5,21,757.3,69.1
-20,145,21,734.4,80.7
-23,116,21,3531.2,84.2
-34.5,116.5,21,984.6,79.7
-14.5,126,21,1069.7,75.1
-31.5,121.5,21,586.0,73.0
-30,118,21,4801.8,82.5
-20.5,127,21,3215.9,90.9
-38,148.5,21,1174.5,86.9
-24,148.5,20,662.7,80.6
-33,147,20,354.7,66.0
-34,116.5,20,981.1,75.0
-20,147.5,20,388.8,74.5
-19.5,124,20,2423.6,83.3
-27,123.5,20,2047.1,89.1
-14,127.5,20,609.1,71.9
-21.5,123.5,20,1682.1,86.7
-28,120,20,1218.0,84.0
-24.5,126,20,3515.3,89.0
-22,127,20,1796.2,82.6
-30.5,133,20,2778.9,86.3
-24,129,20,2899.4,78.5
-34,122.5,19,1388.1,80.3
-12,136,19,786.7,80.4
-20.5,117,19,243.8,71.3
-27.5,147,19,356.0,72.0
-15,130,19,870.7,79.5
-31,145.5,19,474.4,72.1
-20,124,19,1762.7,86.3
-24,146.5,19,468.7,72.1
-24,127,19,1281.4,80.9
-13.5,131.5,19,840.7,76.3
-18.5,123,19,2335.0,79.3
-22,120,19,785.7,80.1
-18.5,143,19,693.7,77.8
-29.5,124,19,1524.7,81.7
-26.5,151.5,19,562.6,75.6
-24.5,151,19,846.0,76.6
-24.5,147.5,19,503.9,77.9
-21.5,147.5,19,422.0,82.4
-14.5,135,18,640.8,72.9
-26.5,148.5,18,633.0,84.1
-23.5,146.5,18,938.9,76.6
-26,149.5,18,1230.8,78.7
-30.5,116,18,1321.4,85.2
-21,115.5,18,416.4,84.1
-23,148.5,18,433.6,76.3
-20,123,18,640.9,88.4
-16.5,127.5,18,739.3,71.1
-23.5,151,18,1105.8,71.6
-32,122.5,18,2194.8,84.6
-24,122.5,18,1082.1,85.9
-26,119,18,1692.8,87.4
-20,148.5,18,1725.5,78.7
-21.5,117,18,2762.7,89.2
-25,129,18,1430.3,81.7
-22.5,119.5,18,1122.4,78.8
-15.5,132,18,957.8,81.3
-18,141.5,18,577.8,77.9
-28,121,18,907.7,85.8
-24.5,128,18,930.7,85.1
-36.5,148.5,18,1342.3,87.4
-21.5,147,18,484.0,78.2
-24.5,149.5,18,295.6,71.2
-22,149.5,17,547.3,76.8
-12,130.5,17,739.4,77.5
-25.5,126.5,17,741.2,83.7
-17.5,129.5,17,1503.8,81.5
-21,119.5,17,593.7,81.6
-21.5,124,17,771.0,86.4
-21,116.5,17,1106.2,89.6
-27,128,17,1817.0,90.5
-17,141,17,432.7,71.4
-26.5,125.5,17,994.8,82.1
-21,148,17,500.4,72.6
-21.5,127.5,17,4157.1,90.2
-36.5,141.5,17,1634.1,83.1
-26.5,124,17,1382.2,93.8
-38,149.5,17,10407.7,95.3
-26,149,16,405.1,67.4
-29.5,130.5,16,648.1,80.1
-29.5,115,16,2076.5,81.4
-21,147.5,16,466.0,72.4
-16.5,134,16,588.4,75.4
-33.5,115.5,16,807.5,72.1
-41.5,147,16,368.2,66.3
-23,145.5,16,503.5,79.3
-36,141.5,16,2241.2,85.9
-23,131.5,16,1269.2,77.1
-35,117,16,3278.2,78.9
-23.5,126.5,16,986.1,82.1
-23,149.5,16,596.5,76.6
-31,149,16,1215.2,74.7
-15.5,133,15,1273.8,78.0
-32.5,116.5,15,780.6,77.5
-27,153,15,492.0,66.3
-26,150,15,745.5,77.7
-26,127.5,15,910.8,85.6
-23,124.5,15,3203.3,93.6
-20.5,124,15,662.8,86.4
-22.5,147.5,15,433.7,72.3
-19,124,15,2846.2,83.4
-29.5,150.5,15,517.1,75.2
-23,123,15,704.2,79.5
-22.5,115.5,15,2124.3,78.1
-19.5,132,15,2221.0,86.5
-33.5,117.5,15,6564.5,85.2
-14.5,133.5,14,1092.3,75.6
-28,148,14,454.8,77.9
-25.5,149.5,14,1385.0,79.3
-16.5,139,14,443.8,72.6
-15.5,141.5,14,298.6,70.4
-37.5,143.5,14,411.2,86.6
-17.5,127.5,14,599.9,70.4
-28,125,14,527.0,72.1
-23.5,118.5,14,1185.0,80.2
-20.5,122,14,564.2,86.5
-25.5,150,14,555.4,76.4
-24.5,118.5,14,1785.1,90.6
-23.5,148,14,361.6,73.2
-38,148,14,255.0,94.1
-21.5,116,14,1213.2,81.9
-19,125.5,14,523.1,77.3
-35.5,136.5,14,4389.7,88.0
-33,115.5,14,521.7,84.3
-11,132.5,13,417.4,71.5
-19.5,146,13,214.4,73.6
-26,125.5,13,902.0,81.4
-41,147.5,13,479.7,64.2
-26.5,149.5,13,397.3,74.7
-14,142,13,509.1,79.9
-20.5,147.5,13,433.8,69.8
-27,149.5,13,346.2,75.0
-26,120.5,13,1635.1,82.4
-21,123,13,705.7,75.8
-28,151.5,13,436.2,77.4
-20.5,145,13,194.6,66.2
-13,133.5,13,634.9,78.5
-27,151.5,13,436.2,78.4
-15,129,13,432.9,77.3
-38.5,147,12,602.1,70.2
-37.5,142,12,305.4,73.8
-32,145.5,12,263.2,65.9
-27,150.5,12,233.1,75.9
-34,115.5,12,1380.9,74.1
-31,147,12,335.2,84.6
-25,129.5,12,868.8,81.3
-29,127.5,12,531.3,74.8
-28.5,149.5,12,263.9,74.4
-18,122,12,3718.8,88.3
-24,145,12,159.3,71.9
-23,114,12,1081.9,86.0
-29.5,125.5,12,1385.1,91.7
-24,127.5,12,685.0,86.3
-16.5,145.5,12,1049.7,83.9
-34.5,116,12,1142.8,78.5
-18,124.5,12,517.5,71.9
-19,122,12,555.9,75.8
-26.5,121,12,1132.2,73.7
-18,142,12,782.6,76.2
-29.5,128,12,983.8,87.8
-23,117.5,12,244.4,86.3
-37,141.5,12,1079.0,85.9
-18.5,141.5,12,378.1,83.5
-30.5,132.5,12,611.1,84.0
-38,141,12,1116.4,87.7
-27,149,12,510.7,71.6
-22.5,149,11,514.5,74.3
-28,150,11,281.8,74.6
-20,148,11,194.9,71.5
-30.5,115,11,1566.3,79.2
-31,115.5,11,2298.0,77.6
-25,128.5,11,542.4,80.7
-27.5,151.5,11,310.5,74.2
-22.5,145.5,11,856.8,74.3
-26.5,150,11,266.6,83.3
-28,149,11,519.1,77.6
-20.5,118.5,11,220.4,85.0
-27.5,150.5,11,224.9,69.0
-16,134,11,795.3,86.5
-30.5,115.5,11,1379.6,83.6
-32.5,151.5,11,653.8,86.5
-16.5,130.5,11,380.2,67.6
-22,121,11,1113.1,87.1
-20.5,145.5,11,294.2,75.0
-16.5,143.5,11,421.0,73.4
-17.5,138,11,842.8,71.0
-29.5,129.5,11,1090.6,96.4
-21,118,11,656.4,78.1
-23.5,127,11,562.2,91.5
-19.5,143,11,169.4,77.5
-22.5,146.5,11,237.7,78.7
-23,126,11,657.0,71.3
-42.5,147.5,10,208.4,70.6
-29,148.5,10,186.7,68.6
-30.5,147,10,270.4,68.3
-31,147.5,10,177.4,69.8
-15,133.5,10,541.3,77.4
-32,116.5,10,513.5,71.7
-41.5,147.5,10,809.9,79.3
-29,147.5,10,187.6,66.7
-14.5,134.5,10,691.7,74.5
-31.5,146,10,237.1,66.9
-36.5,141,10,403.6,80.5
-28,122.5,10,186.0,76.0
-22,126,10,713.0,89.7
-37,144,10,514.7,80.7
-29.5,126,10,2526.7,88.6
-26,124.5,10,508.1,78.9
-17,141.5,10,485.9,79.8
-16,128,10,366.6,73.5
-18.5,138.5,10,746.5,82.7
-22.5,118,10,1818.7,84.4
-16,132.5,10,604.4,81.9
-22,129.5,10,1064.7,90.2
-31.5,134.5,10,656.1,76.3
-23.5,149.5,10,212.8,70.0
-31,151.5,10,182.9,75.0
-24,126,10,625.9,65.8
-23,147,10,300.5,81.5
-10.5,142,9,189.7,63.1
-25,151,9,160.7,73.9
-16.5,123,9,502.8,72.9
-13,130,9,550.7,84.8
-32,118.5,9,135.1,70.0
-37.5,141.5,9,786.8,82.0
-34.5,146,9,190.8,69.1
-25,127,9,535.1,88.0
-37,141,9,200.7,72.1
-29,123,9,314.0,72.0
-25,150.5,9,531.3,87.0
-26.5,124.5,9,201.2,79.0
-21.5,117.5,9,1758.9,78.0
-21,121,9,300.7,67.2
-22,120.5,9,539.3,82.8
-22.5,126.5,9,535.0,83.3
-29.5,149,9,171.5,72.9
-36.5,144.5,9,904.4,87.1
-30,121,9,3751.3,79.0
-29.5,119.5,9,323.1,81.1
-18,139.5,9,212.7,80.4
-19,140.5,9,332.2,78.6
-23,118,9,574.8,91.4
-23.5,116.5,9,758.0,82.3
-15.5,132.5,9,240.1,75.1
-23.5,124.5,9,1059.7,80.8
-33.5,122.5,9,1673.1,87.7
-22,150,9,487.7,74.8
-22,115.5,9,535.4,83.6
-23,125.5,9,468.7,73.9
-24.5,130,9,1057.4,82.4
-20.5,135,9,557.8,76.7
-25,131,8,280.7,82.0
-23.5,129.5,8,289.7,71.5
-19.5,134,8,126.3,75.0
-37.5,142.5,8,151.9,65.6
-34.5,140.5,8,123.5,74.3
-42,147.5,8,69.5,64.8
-33.5,121.5,8,333.6,81.0
-12,137,8,157.4,64.4
-31.5,147.5,8,186.7,76.1
-29,149,8,306.6,61.0
-37.5,144.5,8,103.7,71.3
-26,147.5,8,153.4,70.8
-22.5,145,8,398.7,77.9
-26,146,8,171.9,79.5
-31.5,145.5,8,138.0,78.3
-23.5,129,8,357.9,75.1
-24,125.5,8,670.4,87.8
-17,123.5,8,1660.2,83.5
-26,123,8,354.9,79.0
-42,147,8,866.5,87.4
-20,128,8,137.6,79.8
-21.5,126.5,8,978.2,74.8
-22.5,148.5,8,309.2,67.4
-28,124.5,8,637.4,83.5
-20.5,140.5,8,373.3,74.8
-30,120.5,8,7642.7,95.3
-20.5,137,8,1040.2,78.9
-30,119,8,470.4,91.5
-26.5,127.5,8,8844.5,90.5
-26,124,8,2293.0,93.5
-19.5,145,8,323.0,64.0
-33,135.5,8,728.1,89.1
-37.5,146.5,8,1630.4,94.1
-18,126,8,218.2,80.1
-34,143,7,124.6,64.4
-19,146.5,7,368.8,72.9
-35.5,144,7,168.4,67.0
-17.5,139,7,86.5,63.7
-17.5,145.5,7,155.6,63.0
-28,148.5,7,197.0,71.0
-25.5,127.5,7,158.4,72.9
-31,148.5,7,79.8,68.9
-35,143.5,7,193.7,79.6
-33.5,120.5,7,370.5,68.9
-31.5,116.5,7,168.3,76.9
-34.5,117.5,7,868.8,80.6
-29,149.5,7,93.5,71.1
-42.5,146.5,7,88.0,66.7
-36.5,145.5,7,76.6,68.1
-21,117,7,184.9,73.4
-33.5,122,7,589.8,79.0
-33,141,7,362.2,82.3
-12,130,7,199.0,78.6
-25.5,123,7,446.1,86.7
-24.5,150,7,125.0,78.3
-22,148,7,131.3,66.1
-12,132,7,504.2,71.3
-22,123.5,7,232.5,84.0
-16,145.5,7,185.5,60.7
-25.5,131.5,7,229.6,69.4
-23.5,150,7,242.4,84.1
-33.5,121,7,1405.1,91.4
-35.5,145.5,7,175.5,70.1
-22.5,140.5,7,300.0,76.1
-22,124,7,223.5,86.6
-14.5,125.5,7,479.4,79.9
-29,124,7,371.2,83.0
-22.5,118.5,7,311.0,85.6
-19,123.5,7,264.0,81.4
-17,129,7,240.0,91.3
-25,148.5,7,489.4,86.0
-27,119.5,7,437.6,72.9
-23.5,149,7,266.5,76.4
-19,139,7,188.3,83.7
-20.5,136.5,7,1789.4,82.1
-21.5,122.5,7,445.8,91.6
-19,134.5,7,655.4,87.7
-37.5,141,7,375.0,80.4
-22.5,121,7,498.5,87.1
-19.5,139,7,136.0,77.0
-17.5,126,7,949.5,85.1
-21.5,131,7,622.9,84.9
-14.5,134,7,115.4,72.0
-27.5,132,7,387.7,87.6
-32.5,124,7,596.0,85.1
-17.5,137.5,7,523.1,77.1
-24,133,7,132.3,83.7
-20.5,146.5,7,161.2,72.4
-16,137.5,7,501.9,77.3
-35,141.5,6,94.3,75.2
-28.5,151.5,6,97.4,71.7
-32,147.5,6,69.6,65.5
-23.5,114,6,302.3,86.2
-32.5,147.5,6,130.8,69.8
-27,132.5,6,168.5,77.8
-10.5,142.5,6,133.6,68.3
-37,144.5,6,149.9,67.5
-21,144.5,6,138.4,72.0
-20,123.5,6,359.7,74.0
-23.5,119.5,6,73.0,79.5
-21.5,149,6,167.1,59.0
-20,146.5,6,223.0,80.8
-28,149.5,6,135.7,70.5
-17.5,130.5,6,216.2,75.2
-15,131,6,243.8,69.3
-33.5,135.5,6,261.0,87.0
-23.5,116,6,141.9,74.5
-24,130,6,450.6,79.8
-24.5,125.5,6,180.3,78.7
-27.5,120,6,373.4,75.8
-26,128,6,411.4,80.8
-17,126.5,6,170.9,69.0
-33,136.5,6,281.8,81.5
-27,125.5,6,143.8,89.8
-21,140,6,176.1,78.0
-20,127.5,6,449.6,90.3
-27.5,126.5,6,258.7,82.7
-30,132.5,6,446.6,90.2
-25,130,6,1025.6,94.2
-37,145.5,6,617.8,88.0
-24,146,6,123.7,68.0
-33.5,120,6,305.5,64.8
-21,141,6,312.6,74.5
-11.5,130,5,224.0,65.2
-11,132,5,197.6,64.0
-23,148,5,231.5,68.0
-34.5,141.5,5,1824.3,80.6
-35.5,146,5,45.9,65.8
-21.5,135.5,5,280.7,70.0
-23.5,148.5,5,95.6,75.6
-33,148.5,5,82.5,66.0
-33.5,147,5,73.2,61.6
-34,147,5,75.0,70.0
-28.5,147.5,5,52.9,64.2
-22,148.5,5,172.1,69.0
-34.5,119,5,120.3,75.2
-26,129,5,103.3,74.0
-14,134.5,5,79.0,70.2
-34.5,149.5,5,125.9,67.6
-15.5,137,5,199.4,75.6
-31.5,148,5,97.6,72.2
-42.5,148,5,410.6,75.0
-31.5,149.5,5,52.3,71.6
-33,147.5,5,82.9,75.0
-32,148,5,60.2,67.4
-41.5,146.5,5,58.6,66.2
-33,148,5,66.1,70.4
-29,150.5,5,198.1,78.8
-27,151,5,116.5,84.2
-28,131,5,137.7,61.8
-14,141.5,5,92.4,71.2
-18,139,5,91.8,71.6
-20.5,129,5,98.3,82.4
-23,120,5,477.0,83.8
-26.5,147.5,5,108.3,76.2
-13.5,135,5,176.7,70.8
-21.5,139.5,5,250.0,80.6
-28.5,149,5,87.4,72.2
-24.5,120,5,104.8,83.8
-25,123.5,5,380.4,81.2
-43,147,5,90.6,79.4
-41.5,145.5,5,142.1,64.6
-24,149.5,5,76.1,87.2
-29,131,5,151.4,66.4
-25.5,148,5,83.5,68.4
-23,131,5,841.9,85.2
-24,147.5,5,255.3,76.0
-15.5,133.5,5,457.4,83.2
-28.5,153,5,131.6,80.6
-17,130,5,180.6,68.8
-23,124,5,418.8,92.4
-22,125.5,5,933.3,74.6
-33.5,119.5,5,281.7,75.4
-17,128.5,5,437.5,73.0
-21,124.5,5,187.9,100.0
-17.5,126.5,5,155.9,82.8
-26.5,123,5,173.7,80.6
-23.5,126,5,222.5,75.0
-29,125,5,246.4,87.0
-34.5,138.5,5,385.7,84.8
-17,126,5,131.2,81.2
-25.5,129.5,5,227.9,96.8
-17.5,128,5,256.7,89.0
-32,119,5,272.9,76.2
-19.5,122.5,5,1142.9,89.2
-18.5,135,5,457.6,87.2
-25,123,5,667.9,92.8
-14,142.5,5,425.9,82.4
-29.5,151,5,522.3,88.4
-18.5,122,5,184.4,81.2
-22.5,148,5,409.5,83.2
-20.5,120,5,526.5,76.2
-20.5,126,5,533.3,80.6
-20.5,140,5,194.4,62.6
-20,139,5,71.9,69.8
-32.5,134,5,271.4,70.4
-30,147.5,4,100.4,72.0
-35.5,142.5,4,106.4,78.3
-17.5,146,4,294.3,78.5
-32,146.5,4,154.1,80.3
-27.5,147.5,4,67.6,71.3
-29.5,116.5,4,28.9,58.0
-25.5,122,4,77.1,73.8
-34.5,143,4,60.9,58.5
-41.5,146,4,109.6,73.8
-29.5,126.5,4,117.8,75.8
-41,146,4,125.7,64.8
-17.5,129,4,92.5,76.3
-19,126.5,4,225.4,80.8
-23,127.5,4,99.7,78.3
-33.5,143,4,728.6,83.0
-23,122,4,171.9,79.8
-33,146,4,90.2,72.5
-35,136,4,400.1,66.8
-36,141,4,314.2,94.5
-28,147,4,75.8,58.3
-21,128.5,4,201.1,87.5
-30,149.5,4,50.1,70.0
-22,147.5,4,77.9,72.8
-23.5,123,4,62.9,79.8
-18.5,130,4,370.0,91.0
-17.5,123.5,4,254.2,80.8
-23,146.5,4,388.7,75.8
-24,148,4,158.0,82.5
-21.5,146,4,106.9,65.0
-25.5,125.5,4,194.9,79.3
-17,136.5,4,73.6,77.0
-18,138.5,4,274.0,85.8
-19.5,140.5,4,74.9,89.5
-25,144,4,65.9,77.3
-23.5,125.5,4,163.8,62.5
-22,118.5,4,110.1,67.0
-21.5,149.5,4,345.6,95.3
-27,146,4,97.7,68.8
-29.5,127.5,4,318.3,94.5
-18.5,140.5,4,334.1,96.0
-17.5,136.5,4,296.3,94.0
-17.5,137,4,112.3,64.0
-27.5,121,4,210.1,86.3
-30,123,4,306.5,97.0
-27,127.5,4,510.9,92.8
-23,129,4,358.1,87.3
-19,138.5,4,61.2,84.0
-19.5,125.5,4,222.9,79.8
-32.5,152.5,4,147.4,74.5
-23,129.5,4,258.8,85.5
-19,129.5,4,120.1,88.3
-22,115,4,261.1,85.0
-31,118,4,457.3,90.8
-26,131.5,4,490.6,91.0
-25,130.5,4,229.7,79.3
-23.5,143.5,4,88.6,97.8
-33.5,135,4,220.6,74.0
-37.5,147,4,50.8,59.8
-23,120.5,4,132.2,84.5
-25,151.5,4,98.0,72.3
-23,147.5,4,40.6,70.0
-32.5,148,3,45.5,85.3
-10,142.5,3,102.8,61.7
-32,127.5,3,59.2,62.0
-35,145.5,3,35.4,65.3
-14.5,142.5,3,19.9,59.7
-31.5,148.5,3,47.8,64.3
-32.5,117.5,3,122.0,72.7
-17.5,141,3,52.0,72.0
-30,116,3,44.6,59.7
-29.5,150,3,26.3,58.7
-18.5,125,3,165.2,82.3
-32.5,146.5,3,70.6,68.3
-32,148.5,3,99.9,69.7
-15.5,145.5,3,94.4,73.3
-36,145.5,3,51.6,67.3
-35,118,3,69.0,63.7
-17,146,3,106.9,83.3
-37,143.5,3,394.7,84.0
-37.5,140.5,3,40.5,65.3
-30,117.5,3,33.8,71.0
-21.5,126,3,127.1,69.3
-33,143.5,3,89.8,78.0
-32.5,149.5,3,181.1,80.3
-33.5,116.5,3,136.3,79.0
-27.5,125,3,135.1,73.7
-30.5,137,3,29.1,67.7
-26.5,145.5,3,47.8,64.0
-37.5,145,3,45.0,55.0
-38.5,145.5,3,243.4,86.7
-18,127.5,3,46.0,79.3
-37.5,143,3,320.1,88.7
-20.5,135.5,3,76.5,71.7
-37.5,144,3,46.0,69.3
-24.5,121,3,311.1,73.3
-25,122,3,172.6,68.0
-24.5,123,3,65.1,67.7
-22,136,3,84.3,67.0
-36,146.5,3,50.2,72.0
-24.5,148.5,3,73.4,80.7
-24,123,3,77.6,74.3
-29.5,131.5,3,100.6,71.3
-27.5,130.5,3,55.0,63.0
-21,149,3,197.8,69.0
-30,149,3,55.8,68.3
-23.5,133.5,3,239.2,95.7
-23,134,3,53.8,64.3
-38,143,3,32.6,70.3
-22,124.5,3,183.6,72.0
-23.5,125,3,115.4,70.3
-38.5,146,3,70.2,70.0
-21,116,3,282.4,80.3
-22.5,120,3,246.8,66.3
-37,142,3,71.0,64.7
-35.5,144.5,3,52.0,70.3
-19.5,142.5,3,86.7,68.3
-22.5,132.5,3,67.9,94.0
-29.5,123,3,109.4,57.7
-25,145.5,3,30.5,86.3
-18,140,3,58.0,81.3
-24,145.5,3,51.7,72.3
-22.5,116,3,134.2,88.3
-23,123.5,3,121.4,90.0
-25.5,122.5,3,194.1,79.7
-21.5,121.5,3,73.2,61.3
-19,136.5,3,37.4,64.0
-16,132,3,22.1,70.3
-19.5,128.5,3,188.8,86.7
-31,121.5,3,273.4,93.3
-34.5,135.5,3,165.0,72.3
-27,131.5,3,68.6,79.3
-22.5,123.5,3,216.6,87.3
-17,136,3,192.4,82.3
-30.5,149.5,3,324.3,87.0
-19,127,3,138.3,92.7
-26.5,149,3,92.6,78.7
-31,146,3,89.6,77.7
-23,125,3,45.9,78.7
-23,149,3,37.3,58.7
-20,119.5,3,143.4,92.3
-31,148,3,52.6,71.7
-34,117,2,23.1,63.0
-29.5,148,2,97.6,70.0
-28.5,151,2,27.6,67.5
-34.5,142.5,2,75.6,80.5
-33,149,2,143.5,89.0
-32.5,117,2,27.6,64.5
-23.5,138,2,42.2,74.5
-30,146.5,2,28.2,69.0
-32,122,2,44.2,72.5
-30,115,2,69.6,78.0
-37,140,2,96.2,60.5
-23,130,2,59.5,85.5
-34,148.5,2,23.7,64.0
-24,144.5,2,18.3,64.5
-34.5,142,2,43.8,71.5
-41.5,148.5,2,42.4,67.0
-41,146.5,2,16.1,58.0
-27.5,153.5,2,78.0,71.0
-29,127,2,36.4,77.5
-32.5,148.5,2,48.5,81.0
-41,148,2,21.2,59.0
-34.5,144,2,47.6,82.5
-34,149,2,29.1,74.5
-31.5,149,2,49.0,74.5
-35,147,2,17.6,60.5
-38,147,2,38.0,68.5
-35.5,143.5,2,25.2,59.0
-22.5,130,2,199.4,79.0
-26,126.5,2,67.4,79.0
-33,121.5,2,86.8,76.5
-18.5,139.5,2,30.3,76.0
-21,148.5,2,21.1,62.5
-11.5,133.5,2,29.2,78.0
-13.5,143.5,2,225.5,86.5
-24.5,124,2,279.4,99.0
-36,146,2,204.5,72.5
-21,144,2,24.8,63.0
-14.5,130.5,2,100.1,63.0
-38,144.5,2,19.4,54.0
-25.5,145.5,2,41.4,67.5
-30.5,124.5,2,144.9,89.0
-34.5,139.5,2,102.4,88.0
-23,138,2,66.8,72.0
-19.5,147.5,2,25.8,57.0
-24,150.5,2,16.9,66.5
-28,145.5,2,36.7,57.5
-24.5,150.5,2,24.9,66.0
-24.5,125,2,78.5,67.0
-33,138.5,2,16.6,67.0
-22.5,125,2,165.8,91.5
-23.5,114.5,2,134.2,100.0
-32,134,2,226.0,79.0
-36,144.5,2,80.8,70.5
-18,125,2,137.2,56.5
-18,133.5,2,103.8,64.5
-16.5,130,2,34.5,68.0
-22.5,120.5,2,22.0,64.5
-22,132,2,72.3,84.0
-34.5,136,2,213.5,62.0
-27.5,153,2,91.4,83.0
-29,145,2,75.6,61.0
-27.5,123,2,429.9,61.5
-31,116.5,2,326.0,88.5
-11.5,131.5,2,169.6,91.5
-36,147,2,58.5,85.5
-27.5,122.5,2,36.2,78.5
-23,130.5,2,245.0,81.0
-16.5,131,2,120.1,85.5
-24.5,146,2,14.5,71.5
-18.5,130.5,2,41.1,90.5
-24.5,119,2,33.6,69.5
-28,140,2,19.3,84.5
-32.5,136.5,2,18.8,68.0
-32.5,136,2,42.5,78.5
-36.5,146,2,56.6,75.0
-27.5,140,2,21.6,87.0
-36.5,145,2,25.7,68.5
-26.5,127,2,129.4,97.5
-23,143,2,61.0,83.0
-23.5,132.5,2,173.8,67.0
-22,146.5,2,14.1,69.5
-20,127,2,278.1,72.5
-24,128.5,2,147.8,78.5
-20,124.5,2,0.0,100.0
-17.5,128.5,2,75.3,77.0
-27,121,2,34.2,73.5
-18,133,2,39.0,81.5
-22.5,128.5,2,80.0,65.0
-23.5,123.5,2,105.7,93.0
-20.5,125.5,2,51.4,83.5
-19,127.5,2,72.2,67.5
-22.5,129,2,144.5,77.5
-26.5,131,2,104.7,80.5
-33,137,2,139.0,68.5
-25.5,134,2,72.9,81.5
-25,120,2,67.8,82.5
-35,142.5,2,33.3,57.5
-24,150,2,64.0,68.0
-38.5,143.5,2,346.8,88.5
-19.5,127,2,191.7,87.5
-23,121,2,117.9,97.0
-34.5,143.5,2,21.2,55.0
-20.5,146,2,17.8,77.0
-33.5,142.5,2,40.8,77.0
-22.5,125.5,2,101.6,69.0
-25,146,2,25.8,89.5
-22.5,136,2,39.0,77.0
-20,125,2,39.1,99.0
-31.5,122.5,2,79.8,74.0
-17,133.5,2,80.7,83.0
-41,145,2,49.1,83.5
-20,138.5,2,27.3,77.0
-18,126.5,2,42.7,66.5
-34,137.5,1,10.0,70.0
-10,142,1,12.8,53.0
-19,147,1,9.7,57.0
-43,147.5,1,26.4,73.0
-32.5,118.5,1,12.6,74.0
-28,114.5,1,24.2,73.0
-33,139,1,7.4,56.0
-32.5,139,1,7.5,56.0
-33.5,145.5,1,15.1,73.0
-33.5,146.5,1,7.3,50.0
-34,146.5,1,9.0,55.0
-34,136.5,1,10.6,68.0
-31.5,117,1,9.0,66.0
-34,140,1,4.3,53.0
-34,141,1,7.7,63.0
-33,117.5,1,6.8,64.0
-18,146,1,23.9,85.0
-37,146,1,6.6,56.0
-16.5,135.5,1,27.1,81.0
-30.5,146.5,1,23.7,75.0
-24.5,145,1,12.9,60.0
-34,135.5,1,6.4,60.0
-35.5,146.5,1,11.0,70.0
-42,146,1,11.9,73.0
-25.5,145,1,10.2,67.0
-33.5,147.5,1,6.2,62.0
-34.5,119.5,1,14.7,54.0
-32.5,145.5,1,12.2,67.0
-38.5,145,1,4.6,55.0
-38,142.5,1,4.9,56.0
-29,116,1,9.8,68.0
-36.5,140.5,1,18.7,81.0
-38,144,1,5.6,59.0
-17.5,138.5,1,22.0,62.0
-42,146.5,1,4.4,53.0
-29,130,1,15.0,74.0
-13.5,136.5,1,46.1,67.0
-19,131,1,10.7,76.0
-25.5,147.5,1,18.2,74.0
-34.5,115.5,1,6.0,55.0
-26,120,1,67.5,57.0
-24.5,120.5,1,28.0,58.0
-31,142,1,18.0,66.0
-23.5,118,1,277.6,97.0
-23.5,121,1,21.3,76.0
-17.5,134,1,18.1,57.0
-34,120,1,8.9,66.0
-34,138.5,1,27.7,77.0
-38,145.5,1,6.9,54.0
-25.5,133.5,1,29.8,64.0
-36.5,144,1,11.9,74.0
-27,147,1,8.6,57.0
-28,153.5,1,9.8,81.0
-34,151,1,6.0,59.0
-28.5,114.5,1,61.0,75.0
-21,123.5,1,45.8,65.0
-14,129.5,1,29.7,74.0
-31,124.5,1,11.0,66.0
-32,133.5,1,47.8,63.0
-34,139,1,51.8,94.0
-30.5,121,1,562.9,75.0
-25.5,146,1,18.5,84.0
-34.5,138,1,14.3,61.0
-35.5,142,1,8.4,55.0
-19,142.5,1,24.3,83.0
-21.5,130,1,17.4,86.0
-26.5,123.5,1,23.9,54.0
-23,114.5,1,26.2,64.0
-22,121.5,1,11.2,68.0
-26,145.5,1,8.3,58.0
-24,122,1,124.9,100.0
-23.5,130,1,15.4,79.0
-20.5,123,1,236.0,100.0
-36.5,143.5,1,88.9,98.0
-23,128.5,1,24.5,50.0
-21,124,1,46.1,100.0
-20,122.5,1,8.9,68.0
-16.5,141,1,19.9,67.0
-34,146,1,7.1,62.0
-27,120,1,11.6,54.0
-17.5,136,1,44.4,91.0
-17.5,135.5,1,26.1,82.0
-18.5,142,1,22.8,89.0
-19.5,126.5,1,71.1,87.0
-21.5,137,1,8.3,72.0
-27,122.5,1,34.2,72.0
-23.5,124,1,116.4,100.0
-24,120,1,12.0,64.0
-27.5,119,1,11.4,66.0
-32.5,119,1,18.0,78.0
-19.5,123,1,82.4,73.0
-33,138,1,23.8,89.0
-29.5,117.5,1,18.2,75.0
-25.5,132,1,7.7,71.0
-18,140.5,1,23.0,71.0
-25.5,126,1,13.7,88.0
-22,131.5,1,45.7,86.0
-34.5,140,1,10.2,61.0
-20.5,138.5,1,14.9,56.0
-23,122.5,1,10.4,87.0
-22,132.5,1,17.4,80.0
-32.5,124.5,1,86.6,100.0
-19,140,1,14.0,68.0
-43,146.5,1,10.7,68.0
-27,115.5,1,15.5,51.0
-22.5,114.5,1,27.2,52.0
-26.5,118,1,93.2,75.0
-33.5,117,1,18.4,77.0
-23,144,1,10.4,52.0
-33.5,118.5,1,30.2,82.0
-33,119.5,1,90.1,79.0
-26,126,1,55.9,69.0
-34,145.5,1,8.0,64.0
-33,152,1,12.3,69.0
-24.5,116.5,1,68.0,100.0
-19,145,1,8.1,64.0
-30,148,1,36.3,91.0
-24.5,142.5,1,58.6,54.0
-35,137.5,1,31.2,71.0
